<?xml version="1.0" encoding="UTF-8"?>
<!DOCTYPE mapper
        PUBLIC "-//mybatis.org//DTD mapper 3.0//EN"
        "http://mybatis.org/dtd/mybatis-3-mapper.dtd">
<!-- mapper为映射的根节点-->
<!-- mapper为映射的根节点，namespace指定Dao接口的完整类名
mybatis会依据这个接口动态创建一个实现类去实现这个接口，
而这个实现类是一个Mapper对象-->
<mapper namespace="mapper.CustomerMapper">
    <!--id ="接口中的方法名"
　　parameterType="传入的参数类型"
　　resultType = "返回实体类对象，使用包.类名"-->
    <select id="findById" parameterType="int"
            resultType="pojo.Customer">
        select * from customer where id = #{id}
    </select>

    <insert id="addUser" parameterType="pojo.Customer"
            keyProperty="id" useGeneratedKeys="true">
        insert into customer(id,username,age,jobs) values (#{id},#{username},#{age},#{jobs})
    </insert>

    <delete id="deleteUser" parameterType="Integer">
        delete from customer where id=#{id}
    </delete>

    <update id="updateUser" parameterType="map">
        update customer set name = #{username},age=#{age},jbos=#{jbos} where id=#{id}
    </update>





</mapper>
